{"acc":0.7751889617704426,"loss":0.23787705580009888,"_timestamp":1.764665886343304e+09,"_wandb":{"runtime":0},"_runtime":0,"_step":7}