{"_timestamp":1.764593758333728e+09,"_wandb":{"runtime":0},"_runtime":0,"_step":7,"acc":0.928371704502974,"loss":0.07209315072226746}